{
    "timestamp": "20250413_093407",
    "gpu_info": {
        "cuda_available": true,
        "cuda_version": "11.8",
        "cudnn_version": 90100,
        "device_count": 1,
        "current_device": 0,
        "device_name": "NVIDIA GeForce RTX 4060",
        "compute_capability": [
            8,
            9
        ]
    },
    "test_results": {
        "performance": {
            "matmul_1000x1000": {
                "time": 0.04100227355957031,
                "size": [
                    1000,
                    1000
                ]
            },
            "matmul_2000x2000": {
                "time": 0.0029993057250976562,
                "size": [
                    2000,
                    2000
                ]
            }
        }
    }
}